Customer_Age,Customer_Loyalty_Tier,Location,Store_ID,Product_SKU,Product_Category,Purchase_Amount,Payment_Method,Device_Type,Footfall_Count,label
61.0,0,2,2,3,9,198.87,1,2,118,0
37.0,0,15,9,3,3,156.56,0,0,486,0
33.0,0,15,8,4,8,86.84,1,1,57,0
22.0,5,5,2,8,6,255.27,1,2,365,0
64.0,3,13,1,9,7,79.28,2,1,209,0
50.0,1,15,8,9,8,255.04,4,3,256,0
33.0,3,2,6,1,7,237.14,2,0,108,0
65.0,3,4,8,5,8,291.5,1,2,135,0
19.0,3,7,6,7,6,180.13,0,3,357,0
54.0,5,5,7,4,4,247.8,1,1,99,0
36.0,3,17,2,4,9,137.44,0,3,243,0
62.0,1,6,8,8,9,269.69,0,3,109,0
53.0,2,2,7,5,8,200.96,4,3,309,0
61.0,0,9,7,8,3,272.71,0,1,415,0
25.0,0,11,4,2,9,102.46,3,0,318,0
47.0,0,4,5,8,2,63.34,4,3,179,0
62.0,3,6,9,7,3,83.81,3,0,327,0
53.0,1,2,3,4,7,147.0,1,3,499,0
42.0,3,17,5,8,2,149.3,1,3,214,0
41.0,2,11,2,5,8,254.88,0,3,441,0
48.0,1,19,0,0,5,198.8,0,0,218,0
21.0,4,13,7,9,4,116.62,0,2,239,0
56.0,4,1,7,4,4,271.79,0,2,448,0
30.0,3,3,0,1,9,293.32,1,2,329,0
35.0,2,15,1,5,5,90.1,2,2,360,0
34.0,0,2,8,5,3,109.9,2,1,344,0
42.0,4,2,9,3,5,181.6,2,1,386,0
21.0,0,10,9,9,4,97.4,3,1,426,0
36.0,5,9,3,5,3,157.33,1,0,459,0
42.0,1,12,5,9,5,149.54,3,0,475,0
19.0,0,16,4,6,5,163.6,2,3,387,0
46.0,0,16,8,5,2,290.19,1,0,379,0
63.0,3,13,6,1,6,123.48,1,2,305,0
19.0,0,18,7,5,8,267.13,0,2,130,0
31.0,0,6,6,9,9,139.57,2,2,441,0
54.0,0,17,2,0,3,108.94,2,3,494,0
39.0,1,12,5,1,0,174.66,2,1,322,0
40.0,0,3,6,0,9,76.68,3,1,372,0
54.0,2,8,9,2,6,113.43,0,1,487,0
47.0,0,10,4,9,0,127.92,2,2,217,0
36.0,3,4,0,4,9,164.65,1,2,360,0
35.0,1,9,5,7,3,145.72,0,3,418,0
41.0,4,15,9,9,6,132.27,1,2,192,0
59.0,3,18,1,7,3,128.33,2,1,376,0
55.0,1,2,0,5,4,269.95,2,1,154,0
56.0,4,15,0,8,7,239.17,1,1,102,0
19.0,5,19,7,0,0,97.19,2,2,160,0
44.0,3,6,0,6,8,66.89,1,2,212,0
40.0,5,19,9,4,0,144.54,0,2,365,0
42.0,3,7,2,4,6,146.93,2,3,129,0
30.0,1,12,7,0,5,275.55,2,1,313,0
19.0,0,17,9,5,8,191.58,4,3,230,0
51.0,3,17,9,3,7,154.45,0,3,73,0
20.0,1,0,5,2,0,231.15,2,3,309,0
40.0,1,1,1,3,5,192.5,3,2,494,0
22.0,1,12,2,1,3,190.42,2,0,200,0
21.0,1,13,8,0,7,134.54,2,3,111,1
50.0,3,6,4,3,3,54.7,1,1,434,0
62.0,1,7,8,8,5,299.77,2,3,211,0
22.0,3,7,1,0,9,113.48,3,2,220,0
33.0,3,9,8,3,7,297.56,3,0,265,0
45.0,3,1,9,6,4,126.59,3,2,173,0
46.0,0,16,1,1,6,234.18,0,0,85,0
40.0,0,6,4,2,6,192.61,3,1,452,0
46.0,0,15,7,5,3,261.8,4,3,287,0
30.0,0,19,6,6,9,250.81,1,2,438,0
46.0,5,6,5,0,3,134.03,0,1,407,0
24.0,0,16,8,5,8,93.91,3,1,355,0
45.0,0,17,1,5,2,271.04,3,1,430,0
42.0,3,10,5,0,6,266.19,0,1,331,0
59.0,2,8,0,3,6,259.6,1,3,78,0
45.0,0,3,7,6,9,259.38,4,1,259,0
45.0,4,19,4,8,6,194.14,3,2,289,0
52.0,2,3,6,6,8,185.55,3,3,169,0
32.0,0,3,8,7,5,205.79,2,1,194,0
43.0,0,10,0,9,0,201.63,1,3,368,0
28.0,0,1,6,0,5,111.15,1,0,118,0
57.0,0,18,8,7,9,110.56,3,1,68,0
44.0,5,17,1,8,6,113.65,1,1,485,0
65.0,3,10,8,3,5,61.05,1,2,284,0
35.0,0,10,3,8,3,276.09,0,3,463,0
45.0,0,12,5,8,5,274.99,3,3,196,0
46.0,0,9,1,5,4,172.59,3,0,483,0
45.0,1,8,6,8,4,245.51,1,2,98,0
50.0,0,11,4,8,6,273.14,3,3,122,0
44.0,3,11,3,3,2,288.54,0,0,51,0
47.0,4,16,5,2,2,247.77,3,0,484,0
61.0,1,7,8,5,0,60.22,2,0,100,0
52.0,4,17,5,8,4,255.7,1,0,453,0
51.0,1,14,8,4,9,270.96,1,2,335,0
25.0,0,4,0,4,5,215.16,0,3,79,0
37.0,3,1,5,7,1,287.4,4,3,291,0
54.0,0,16,3,0,5,159.06,0,1,212,0
36.0,0,15,0,7,2,116.29,3,2,413,0
31.0,3,14,0,9,9,125.95,2,1,408,0
40.0,3,8,5,0,0,67.28,1,2,147,0
50.0,3,1,4,3,9,227.51,4,0,455,0
60.0,0,5,1,4,8,282.76,2,2,186,0
60.0,3,3,3,3,4,260.62,4,0,454,1
21.0,3,10,2,9,3,158.11,0,3,497,0
61.0,0,0,4,6,0,56.39,2,0,104,0
47.0,2,8,7,0,5,298.41,3,3,499,0
42.0,4,15,3,8,1,243.32,3,1,183,0
56.0,2,8,8,7,7,51.52,3,0,202,0
37.0,0,13,6,9,5,148.11,3,1,324,0
57.0,1,2,4,9,2,151.94,2,1,70,0
25.0,2,11,8,3,8,242.92,2,3,469,0
22.0,0,0,4,1,6,157.7,2,3,231,0
50.0,1,7,8,1,0,227.18,3,3,261,0
19.0,0,7,5,4,0,154.21,0,3,141,0
29.0,1,5,3,0,2,296.92,1,0,454,0
62.0,3,0,0,8,7,199.78,2,3,161,0
41.0,0,7,4,9,0,207.38,3,1,132,0
52.0,3,14,4,5,9,182.97,2,2,338,0
45.0,3,16,9,5,5,63.02,2,2,426,0
62.0,1,19,1,1,5,154.34,1,1,391,0
47.0,2,4,4,1,0,102.63,2,0,380,0
60.0,1,15,7,8,8,76.16,2,0,449,0
42.0,2,5,7,4,6,145.65,2,2,153,0
57.0,1,8,1,9,0,203.78,1,1,163,0
41.0,0,7,1,7,5,177.44,0,3,411,0
44.0,5,1,0,5,9,277.38,0,0,187,0
51.0,1,10,1,9,1,110.84,3,3,343,0
47.0,0,14,6,8,4,186.7,3,3,158,0
25.0,3,2,1,6,8,61.62,0,3,437,0
57.0,1,12,4,5,9,50.88,3,2,145,0
54.0,0,13,4,3,6,273.96,1,2,458,0
52.0,0,2,2,3,4,151.02,1,0,109,0
52.0,3,15,6,6,9,127.51,3,3,209,0
43.0,0,6,7,4,5,118.14,2,0,128,0
25.0,1,17,2,7,0,57.54,1,0,62,0
21.0,3,2,7,7,7,91.33,3,1,328,0
20.0,2,19,6,6,1,171.26,0,0,450,0
39.0,5,13,6,3,1,98.82,0,1,446,0
31.0,0,9,4,2,1,228.14,0,1,300,0
22.0,0,1,6,2,4,77.74,3,3,321,0
64.0,0,8,8,7,7,218.18,2,1,140,0
32.0,0,14,5,8,8,67.42,3,2,142,0
55.0,1,12,6,8,5,160.13,0,3,193,0
40.0,0,10,6,5,4,166.02,4,3,175,0
58.0,0,9,2,3,0,209.24,2,3,74,0
20.0,0,11,0,0,3,168.77,2,1,193,0
46.0,3,9,8,4,8,266.89,1,3,123,0
41.0,5,4,6,3,9,228.75,0,2,238,0
52.0,1,3,0,1,6,130.17,1,2,102,0
54.0,0,17,2,4,5,52.21,4,2,176,0
55.0,1,13,9,0,6,141.14,1,1,315,0
29.0,3,16,6,1,3,62.63,0,3,232,0
52.0,0,18,6,2,9,157.27,1,3,102,0
29.0,2,19,2,2,5,269.37,3,3,342,0
52.0,0,9,5,3,3,217.92,2,0,480,0
18.0,1,13,2,0,1,216.72,2,1,242,0
59.0,0,8,0,1,2,66.48,2,1,484,0
56.0,0,6,8,1,2,205.3,1,3,202,0
32.0,3,4,6,2,3,273.6,4,1,295,0
63.0,0,19,1,0,4,217.33,0,1,377,0
20.0,3,12,6,0,4,214.47,0,1,297,0
23.0,4,13,1,6,6,240.77,0,3,142,0
64.0,0,10,5,2,6,66.22,2,3,437,0
36.0,3,15,6,0,1,138.28,2,2,187,0
43.0,3,9,5,3,2,208.45,0,3,396,0
61.0,1,3,1,8,8,151.29,0,0,134,0
20.0,0,7,0,9,2,296.12,3,1,353,0
42.0,4,9,7,2,2,107.11,1,0,151,0
25.0,3,2,5,6,9,71.93,1,3,297,0
53.0,0,17,6,4,5,287.68,2,3,126,0
43.0,0,5,2,2,5,216.08,3,2,122,0
56.0,0,17,3,7,9,289.64,1,0,470,0
54.0,0,7,1,8,7,147.99,3,3,307,0
44.0,3,3,1,5,7,158.39,3,3,241,0
19.0,1,14,4,8,6,266.91,2,0,341,0
20.0,0,17,9,4,3,233.62,3,1,405,0
40.0,3,15,1,5,1,99.2,1,3,132,0
54.0,1,11,9,9,8,232.48,0,0,126,0
26.0,3,15,0,8,3,268.55,3,2,450,0
49.0,2,2,6,1,3,90.26,0,0,219,0
30.0,0,9,9,5,0,297.57,3,2,86,0
56.0,0,5,7,2,4,142.01,4,3,252,0
26.0,0,8,5,3,1,102.64,3,3,334,0
26.0,1,19,2,1,7,63.89,1,3,401,0
54.0,0,12,8,4,7,161.28,2,3,314,0
41.0,5,10,5,2,8,222.97,1,1,235,0
43.0,1,14,7,0,2,81.95,2,1,109,0
33.0,1,19,5,7,1,79.6,0,3,485,0
26.0,1,16,5,2,4,83.68,0,1,217,0
62.0,0,18,6,3,1,104.24,1,2,107,1
56.0,0,5,2,3,0,91.98,3,0,445,0
58.0,5,4,8,4,3,106.52,0,2,59,0
42.0,5,12,3,3,6,96.51,3,0,401,0
42.0,3,3,0,7,4,235.11,3,1,210,0
31.0,0,14,8,0,5,245.89,1,3,175,0
54.0,3,19,8,0,6,186.63,0,1,259,0
21.0,0,18,6,7,3,274.53,0,1,330,0
40.0,3,12,6,7,3,194.68,3,1,323,0
42.0,0,16,4,1,3,225.0,2,3,433,1
34.0,0,3,1,6,2,110.2,0,3,436,0
47.0,4,19,9,5,3,282.62,1,2,179,0
45.0,3,17,9,2,1,175.72,2,0,62,0
32.0,1,0,8,3,6,58.09,3,0,125,0
26.0,0,0,5,9,5,232.8,0,1,374,0
56.0,0,0,4,6,9,155.83,1,3,408,0
23.0,0,19,5,7,1,218.94,1,2,230,0
44.0,2,4,2,6,4,212.09,3,2,211,0
42.0,3,10,9,2,3,238.77,1,1,66,0
32.0,5,10,1,0,4,297.21,0,2,207,0
28.0,1,5,9,8,7,190.28,2,3,196,0
38.0,3,15,4,7,2,253.93,2,0,89,0
45.0,0,16,9,4,7,263.88,2,0,321,0
65.0,0,3,7,2,4,269.29,1,0,212,0
26.0,0,15,2,7,9,291.13,2,3,264,0
42.0,2,13,8,4,2,249.72,2,0,257,0
58.0,3,19,5,0,2,62.0,0,3,269,0
19.0,2,10,8,1,9,174.18,0,0,192,0
65.0,0,16,2,9,8,78.82,0,0,487,0
53.0,2,12,7,7,7,74.87,3,3,403,0
51.0,1,8,6,5,8,119.45,3,1,60,0
49.0,0,18,0,0,5,185.24,0,1,123,0
46.0,1,18,9,9,9,159.28,2,0,301,0
65.0,3,3,4,2,2,136.32,2,3,409,0
37.0,3,0,7,4,0,289.52,2,2,388,0
49.0,3,7,4,7,9,228.05,1,1,94,1
45.0,0,10,8,6,0,79.1,0,2,143,0
62.0,4,11,3,0,5,234.48,3,1,458,0
37.0,3,12,1,2,1,195.13,2,2,112,0
54.0,0,17,2,9,4,125.96,3,2,152,0
36.0,0,7,5,7,3,271.73,0,1,225,0
34.0,3,12,1,6,6,59.3,2,2,342,0
42.0,0,19,0,4,4,71.97,0,3,137,0
49.0,1,19,8,3,2,101.26,3,3,351,0
29.0,1,1,1,7,0,54.2,2,1,354,0
18.0,0,12,0,5,2,292.31,3,1,329,0
29.0,5,16,0,0,8,203.94,1,1,290,0
18.0,3,4,1,8,4,94.92,4,3,63,0
19.0,0,15,6,6,3,266.19,3,3,423,1
45.0,0,2,2,7,2,97.17,3,3,64,0
56.0,0,16,2,9,1,238.24,0,2,267,0
49.0,1,6,9,6,1,223.4,3,1,120,0
59.0,0,0,1,6,4,245.77,2,3,494,0
44.0,0,19,8,4,2,255.77,2,2,137,0
28.0,0,15,2,9,3,273.15,3,3,183,0
42.0,3,8,5,8,7,192.27,1,0,449,0
42.0,3,15,5,6,0,210.23,1,0,86,0
55.0,1,6,3,2,7,66.77,0,3,374,0
28.0,0,13,3,2,0,293.86,0,0,328,0
64.0,4,10,1,0,3,72.4,0,0,371,0
25.0,0,17,3,8,9,249.18,2,0,390,0
59.0,0,14,0,8,2,143.22,1,3,216,0
34.0,1,2,3,7,8,189.6,3,0,258,0
64.0,4,3,0,1,5,176.81,1,2,481,0
40.0,0,15,5,0,6,189.45,3,1,389,0
21.0,3,3,9,9,2,218.29,2,1,251,0
45.0,0,11,0,0,9,197.13,0,3,104,0
34.0,1,0,0,2,0,174.03,1,3,198,0
46.0,0,16,8,5,7,195.78,1,3,65,0
30.0,2,10,3,5,6,51.62,4,0,328,0
28.0,0,17,2,8,2,288.76,3,1,245,0
62.0,0,19,2,4,8,85.64,2,3,99,0
65.0,0,14,1,1,0,224.62,1,0,189,0
35.0,0,3,1,2,8,120.01,2,3,52,0
64.0,0,15,5,3,2,260.14,3,2,428,0
64.0,0,16,4,8,9,241.39,4,2,496,0
31.0,0,7,8,7,2,282.78,3,1,102,0
61.0,3,4,5,3,3,204.79,1,2,377,0
38.0,0,14,0,9,5,231.14,1,1,411,0
21.0,5,7,3,2,0,200.35,4,2,256,1
30.0,0,15,4,8,8,193.73,2,3,360,0
40.0,0,1,9,8,9,242.02,0,3,195,0
30.0,1,10,5,3,9,85.65,1,0,157,0
28.0,3,7,0,0,5,176.16,0,2,181,0
27.0,3,17,1,8,3,124.18,2,2,485,0
39.0,3,19,1,7,0,267.12,2,0,461,0
31.0,0,4,7,9,3,299.49,4,3,103,0
46.0,0,16,9,0,0,80.7,2,1,84,0
34.0,0,3,3,6,4,74.6,3,1,50,0
25.0,0,12,0,1,7,175.7,3,0,390,0
43.0,0,14,2,7,0,98.09,0,0,493,0
42.0,0,3,7,5,1,102.27,3,0,264,0
24.0,0,8,7,2,3,190.26,3,1,442,0
29.0,0,3,6,8,9,241.15,2,3,355,0
30.0,3,16,8,7,0,64.18,0,1,165,0
44.0,1,9,9,2,1,174.39,3,0,147,0
32.0,1,15,3,9,2,197.28,0,2,182,0
31.0,3,19,9,4,0,130.57,3,0,476,0
33.0,5,10,7,1,8,202.83,2,2,52,0
18.0,3,5,0,8,0,60.94,3,1,330,0
51.0,2,4,3,4,4,121.48,2,3,51,0
56.0,1,6,3,2,2,103.05,3,2,455,0
31.0,1,16,2,0,7,114.81,0,0,183,0
41.0,0,17,8,6,7,80.39,1,2,499,0
42.0,3,9,3,5,0,239.02,0,1,316,0
65.0,0,10,7,9,0,271.98,1,2,374,0
32.0,1,19,1,5,5,62.95,1,3,494,0
41.0,0,12,0,0,7,177.27,2,0,118,0
48.0,0,10,1,2,2,236.14,2,1,459,0
21.0,0,2,9,7,2,64.23,3,3,473,0
43.0,4,13,5,4,5,88.98,0,3,274,0
44.0,0,11,9,2,9,105.98,0,2,406,0
42.0,1,9,9,3,0,58.69,0,0,62,0
50.0,0,19,8,0,9,137.52,1,1,463,0
33.0,0,3,7,5,7,130.86,3,2,472,0
45.0,4,15,3,3,0,67.07,2,3,172,0
64.0,3,6,7,2,3,206.61,0,3,309,0
50.0,5,14,3,8,0,133.07,2,1,488,0
52.0,3,9,1,3,2,107.96,0,1,478,0
42.0,1,3,4,9,0,240.53,0,3,324,0
37.0,1,2,4,8,5,167.51,1,3,380,0
57.0,3,11,2,2,3,189.18,2,1,438,0
60.0,0,7,0,4,5,82.31,0,3,93,0
62.0,1,19,9,6,4,281.65,1,0,112,0
24.0,3,6,9,5,8,113.14,2,1,270,0
54.0,0,6,7,7,7,265.7,4,3,410,0
19.0,0,4,0,0,4,278.21,3,0,375,0
34.0,3,15,2,2,9,198.45,0,2,138,0
42.0,3,18,8,3,1,143.9,1,3,251,0
46.0,5,3,2,8,4,125.06,3,2,435,0
35.0,2,0,9,6,3,75.82,0,1,94,0
32.0,0,6,3,7,9,198.64,0,2,225,0
48.0,3,10,0,9,0,105.74,0,2,145,0
20.0,0,17,4,6,3,226.32,3,1,268,0
55.0,0,16,2,9,1,244.01,2,1,269,0
61.0,1,3,7,1,8,238.12,0,0,306,0
40.0,3,6,4,0,5,139.1,4,1,351,0
29.0,0,15,8,1,2,74.72,0,0,238,0
38.0,0,18,1,4,0,228.86,3,0,133,0
20.0,3,17,0,3,0,100.02,1,0,324,0
58.0,3,17,4,7,3,68.79,1,3,254,0
59.0,0,15,9,5,1,142.51,2,1,480,0
52.0,3,12,9,9,2,93.74,1,2,288,0
23.0,0,2,4,0,2,180.6,1,0,95,0
56.0,4,5,8,1,2,235.42,2,1,80,0
46.0,1,10,6,1,8,89.69,3,0,226,1
28.0,0,18,2,7,7,203.38,0,0,118,0
23.0,4,10,8,4,0,247.55,0,2,287,0
42.0,1,13,3,3,5,168.05,3,2,126,0
62.0,1,5,6,9,5,111.63,0,1,401,0
20.0,2,17,5,9,8,223.32,1,0,435,0
25.0,0,8,3,0,9,230.66,1,3,449,0
51.0,0,5,8,3,6,159.4,4,0,396,0
34.0,0,3,4,7,6,232.56,3,1,73,0
46.0,3,1,2,9,6,135.93,4,2,231,0
32.0,1,10,6,6,7,95.89,0,2,435,0
45.0,3,0,1,3,4,88.4,2,0,356,0
20.0,0,17,7,6,1,96.72,3,1,152,0
24.0,0,13,9,8,8,56.04,1,1,109,0
53.0,3,16,0,0,3,245.04,0,3,326,0
46.0,0,7,7,7,4,158.31,1,2,120,0
37.0,3,18,8,3,5,191.87,1,2,250,0
55.0,0,5,8,2,4,92.02,0,3,106,0
60.0,3,17,6,6,8,145.32,4,2,330,0
53.0,3,15,7,6,4,73.54,3,1,100,0
28.0,3,9,1,9,9,197.34,1,0,413,0
30.0,0,6,0,1,6,244.68,1,1,167,0
64.0,5,14,2,3,4,86.27,2,2,365,0
44.0,0,18,7,4,3,82.66,4,2,259,0
21.0,0,10,0,3,2,269.46,2,0,147,0
18.0,4,12,6,3,6,185.24,3,0,433,0
57.0,0,19,8,4,3,292.06,3,1,219,0
23.0,0,2,3,0,1,177.52,3,0,284,0
64.0,0,2,2,0,0,98.35,4,3,128,0
22.0,0,16,2,4,4,252.04,3,0,168,0
60.0,3,16,3,5,4,266.7,2,0,108,0
53.0,3,2,3,5,1,238.62,2,1,117,0
41.0,4,7,5,4,9,98.34,3,3,409,0
33.0,3,17,1,3,0,194.62,3,1,481,0
42.0,3,3,0,9,0,198.53,3,0,467,0
30.0,2,3,9,2,5,77.04,1,3,439,0
37.0,0,9,9,5,1,187.34,1,0,85,0
51.0,0,15,4,6,5,172.93,2,1,134,0
49.0,2,10,8,1,0,276.16,2,3,72,0
52.0,3,10,2,0,8,96.06,3,1,170,0
29.0,3,2,7,0,2,137.51,3,0,141,0
39.0,0,15,9,4,9,93.95,2,2,69,0
28.0,4,1,6,8,9,262.37,3,2,106,0
26.0,3,0,9,9,6,224.79,1,3,379,0
64.0,0,11,8,0,1,183.4,2,1,107,0
43.0,0,16,6,2,3,135.75,2,3,239,0
25.0,0,1,1,0,8,255.53,1,3,249,0
28.0,5,1,7,1,7,154.37,3,0,401,0
22.0,2,3,8,1,6,83.0,0,0,109,0
47.0,0,0,1,3,9,161.57,2,0,397,0
65.0,1,4,3,0,6,199.1,2,2,127,0
46.0,0,11,8,9,2,104.19,2,0,317,0
32.0,0,10,5,0,8,286.24,0,3,124,0
45.0,3,16,3,5,5,291.5,2,0,341,0
23.0,0,7,0,9,1,114.76,2,0,388,0
33.0,0,19,2,6,3,125.69,1,2,357,0
22.0,2,11,4,3,7,77.91,1,0,110,0
26.0,0,16,5,5,4,170.81,0,3,408,0
40.0,0,6,3,2,7,116.19,2,2,229,0
58.0,0,10,2,9,6,229.32,1,3,134,0
31.0,0,14,1,9,8,177.5,3,2,60,0
18.0,3,7,6,4,9,209.12,4,0,208,0
52.0,2,13,1,4,8,250.77,0,3,444,0
43.0,1,14,6,5,7,64.64,1,2,290,0
41.0,3,8,5,2,0,257.49,0,3,268,0
32.0,3,8,7,2,8,292.74,0,2,87,0
48.0,2,5,4,7,3,242.14,1,2,161,0
20.0,0,10,6,9,7,169.18,2,2,171,0
31.0,3,12,1,4,7,263.0,0,1,113,0
24.0,0,17,0,1,7,298.06,1,3,146,0
61.0,0,5,5,5,2,175.23,3,3,281,0
53.0,1,13,8,5,6,107.52,0,3,302,0
23.0,1,4,4,6,3,144.22,1,1,385,0
36.0,4,11,3,3,7,180.46,1,1,376,0
35.0,1,17,6,1,5,114.94,0,1,416,0
47.0,3,15,4,8,7,198.92,0,3,177,0
49.0,3,10,1,4,8,179.64,0,3,209,0
38.0,1,4,3,4,2,105.98,2,0,98,0
18.0,0,3,6,4,5,206.66,1,2,281,0
53.0,0,9,6,9,9,129.22,1,2,99,0
32.0,1,12,5,7,0,180.67,1,3,184,0
34.0,5,0,2,5,1,73.67,2,2,130,0
52.0,3,19,5,7,5,160.63,1,1,224,0
29.0,2,4,3,5,1,248.86,2,1,492,0
52.0,5,2,7,2,2,267.42,4,0,379,0
53.0,1,19,8,5,6,79.99,0,1,72,0
33.0,3,3,7,0,3,173.69,1,0,449,0
48.0,1,8,8,0,9,58.0,3,1,183,0
28.0,1,17,7,9,1,192.59,2,2,188,0
43.0,0,19,9,1,1,266.1,0,3,166,0
48.0,3,18,8,0,7,275.54,3,1,341,0
42.0,0,17,0,3,2,222.47,2,3,216,0
21.0,3,4,2,9,6,51.24,4,3,54,0
20.0,2,13,1,3,9,261.23,1,1,138,0
64.0,1,18,5,1,5,244.15,1,1,465,0
61.0,4,10,8,1,4,234.27,2,0,141,0
40.0,4,17,6,6,7,151.29,0,3,378,0
27.0,0,12,2,4,4,151.47,2,3,231,0
39.0,2,8,8,1,1,184.62,0,0,289,1
20.0,0,16,0,8,2,193.26,2,2,498,0
33.0,0,9,0,9,6,208.43,0,0,434,0
49.0,0,5,7,0,7,157.81,0,2,252,0
18.0,1,6,2,0,4,160.93,1,2,178,0
19.0,3,5,2,6,5,131.68,2,0,142,0
46.0,0,6,0,3,6,245.05,3,0,311,0
65.0,0,0,0,2,7,57.65,2,0,168,0
51.0,3,17,8,5,9,129.34,2,2,143,0
41.0,1,16,7,5,7,81.64,2,3,136,0
32.0,5,17,4,0,7,240.63,2,2,436,0
60.0,0,14,4,4,9,106.21,0,1,175,0
39.0,3,5,4,8,4,90.09,1,3,63,0
53.0,0,4,3,2,8,276.08,0,0,136,0
58.0,0,4,6,6,4,145.5,1,0,444,0
30.0,0,11,2,6,6,252.93,2,3,234,0
43.0,3,9,0,0,6,280.67,0,1,262,0
20.0,0,1,1,4,3,106.39,1,1,157,0
22.0,1,7,0,8,5,234.88,2,3,414,0
35.0,0,0,2,5,5,161.73,2,0,198,0
55.0,1,9,2,0,2,50.27,0,3,241,1
32.0,2,18,7,7,5,52.05,0,0,240,0
43.0,1,13,2,7,8,95.2,1,1,468,0
34.0,4,7,7,7,8,201.29,2,0,281,0
57.0,5,4,1,7,2,260.7,3,1,464,0
50.0,3,19,2,3,8,269.41,2,3,251,0
38.0,1,0,4,0,6,233.26,1,0,134,0
35.0,3,2,9,9,0,152.54,4,3,79,0
47.0,3,14,7,6,2,273.08,3,3,485,0
59.0,3,19,8,0,1,254.14,1,0,121,0
32.0,4,11,7,7,0,115.86,2,1,481,0
49.0,1,13,8,0,1,221.56,2,2,251,0
52.0,3,7,5,0,2,167.83,1,3,219,0
50.0,4,17,4,9,8,240.27,2,3,498,0
42.0,0,6,0,9,9,117.18,0,0,165,0
42.0,1,9,6,6,6,270.97,3,0,152,0
23.0,3,7,3,5,9,248.07,1,1,437,0
24.0,3,12,7,1,6,75.6,0,2,261,0
51.0,3,14,1,9,0,199.93,4,1,129,0
56.0,1,4,9,5,0,113.11,0,1,380,0
51.0,3,5,4,8,2,261.09,2,3,320,0
30.0,0,15,9,1,2,169.29,0,3,252,0
37.0,0,1,0,3,7,261.66,3,2,60,0
42.0,3,14,9,6,8,297.17,1,0,340,0
42.0,0,2,4,1,2,114.04,2,3,410,0
31.0,0,16,2,5,9,232.16,0,2,172,0
42.0,0,3,5,6,0,242.24,1,0,227,1
42.0,1,8,7,8,9,253.46,1,0,109,0
24.0,0,3,1,2,0,130.34,4,1,215,0
37.0,1,0,3,5,7,295.23,3,0,472,1
44.0,3,10,4,8,8,287.29,0,2,368,0
21.0,0,16,9,5,0,63.35,0,0,409,0
49.0,0,17,0,4,1,184.23,3,2,181,0
27.0,3,6,8,1,4,76.31,2,2,308,0
56.0,1,8,3,4,2,93.35,1,1,431,0
51.0,1,14,1,9,7,150.35,3,2,214,0
21.0,0,4,9,4,8,188.41,0,3,377,0
52.0,0,3,0,1,6,67.09,3,3,491,0
39.0,1,13,6,3,2,248.77,3,0,214,0
53.0,2,0,2,0,8,239.52,3,0,67,0
64.0,3,1,4,3,0,278.3,2,2,361,0
42.0,2,2,2,1,2,282.96,2,0,377,0
59.0,1,14,8,9,3,79.94,3,2,453,0
49.0,0,17,8,1,5,150.38,2,1,434,0
25.0,0,19,8,4,6,115.13,3,2,419,0
20.0,5,17,4,3,1,164.52,0,2,439,0
42.0,2,6,9,7,0,229.8,4,3,234,0
63.0,1,1,7,2,0,159.19,1,3,163,0
27.0,0,14,0,1,7,83.04,1,0,376,0
62.0,1,14,4,3,4,191.77,2,3,446,0
40.0,3,3,6,1,8,107.44,0,2,298,0
25.0,2,18,9,2,5,125.84,1,2,161,0
48.0,0,12,7,4,2,141.58,2,0,321,0
20.0,1,1,5,7,0,83.66,1,3,251,0
56.0,3,9,1,5,9,296.58,1,2,231,0
25.0,1,3,2,7,1,198.03,4,1,284,0
47.0,3,6,7,8,1,223.2,2,0,225,0
35.0,0,4,6,0,4,116.45,2,0,472,0
64.0,1,13,4,4,0,121.42,0,1,361,0
60.0,0,17,3,2,6,196.15,2,3,315,0
37.0,0,11,2,6,8,253.89,3,0,399,0
45.0,0,17,1,6,9,53.97,4,2,329,0
59.0,3,3,4,2,3,191.88,2,0,173,0
27.0,5,7,6,3,6,215.28,3,2,224,0
34.0,0,9,7,3,4,162.34,2,1,363,0
47.0,4,0,7,2,0,211.44,0,0,418,0
41.0,0,1,5,9,0,137.91,2,0,240,0
26.0,0,10,5,2,4,266.46,3,0,341,0
28.0,1,1,4,4,8,286.26,3,1,77,0
50.0,1,13,2,3,5,268.04,3,0,273,0
59.0,3,1,9,3,8,150.92,2,3,481,0
34.0,5,19,5,1,8,231.65,3,2,340,0
51.0,0,14,5,2,1,203.69,1,2,334,0
42.0,0,8,9,9,4,277.88,2,3,133,0
26.0,2,17,0,4,7,214.94,3,1,455,0
61.0,0,18,7,5,4,220.66,2,1,464,0
39.0,5,12,7,4,5,67.44,1,3,484,0
21.0,3,10,0,7,8,65.29,1,2,306,0
42.0,0,5,5,0,5,223.97,0,3,492,0
41.0,3,5,9,2,1,228.03,1,0,477,0
42.0,0,0,6,2,3,231.96,3,0,163,0
58.0,3,9,6,2,7,255.86,0,1,111,0
40.0,3,19,0,8,7,133.78,1,1,207,0
36.0,1,1,5,7,0,222.16,0,1,459,0
34.0,4,4,7,4,1,192.26,0,0,312,0
57.0,0,0,8,5,0,196.56,1,0,153,0
64.0,0,16,0,2,8,227.0,3,3,65,0
38.0,0,16,6,7,4,276.52,2,0,140,0
54.0,0,10,2,6,3,125.2,3,1,429,0
55.0,1,15,4,3,1,292.52,1,1,379,0
64.0,2,15,5,0,3,172.59,2,0,83,0
18.0,1,6,3,0,5,238.98,0,3,91,0
20.0,3,7,0,8,4,204.18,0,0,247,0
30.0,0,2,1,5,9,265.16,3,2,376,0
64.0,3,1,3,2,6,233.6,0,1,266,0
65.0,0,3,8,4,7,59.17,4,2,437,0
61.0,5,9,7,4,3,167.45,1,2,58,0
50.0,5,4,1,2,2,208.53,1,2,76,0
49.0,3,19,1,9,3,75.9,3,2,430,1
23.0,3,10,9,2,1,245.74,3,0,125,0
28.0,3,16,5,7,2,130.64,0,3,278,0
27.0,0,17,6,0,8,165.96,3,3,52,0
29.0,1,3,9,6,4,53.92,0,3,426,0
52.0,2,12,8,8,4,97.74,3,2,196,0
49.0,1,0,1,3,1,261.89,0,0,299,0
33.0,3,13,5,0,4,299.83,3,3,52,0
44.0,4,4,8,6,1,131.46,3,2,308,1
42.0,3,12,1,9,1,127.63,1,3,322,0
20.0,0,18,9,3,2,174.18,2,1,280,0
50.0,0,17,7,1,6,119.39,3,3,274,0
46.0,0,3,3,4,9,145.46,3,3,139,0
49.0,2,15,7,3,8,232.66,2,2,499,0
19.0,2,5,3,8,6,129.81,1,2,147,0
48.0,2,8,3,9,5,144.71,2,2,281,0
25.0,0,15,5,3,7,292.55,0,2,329,0
45.0,5,5,0,4,3,124.25,1,0,114,0
35.0,3,15,6,0,5,195.08,2,3,370,0
43.0,1,4,1,0,1,181.39,2,2,66,0
23.0,2,9,0,4,9,163.48,0,3,485,0
62.0,3,7,0,5,2,261.57,2,1,91,0
23.0,0,17,4,0,8,103.81,1,2,499,0
29.0,0,2,8,3,8,285.03,1,2,399,0
49.0,0,14,4,3,4,190.95,3,0,180,0
48.0,5,7,4,4,6,218.86,0,1,100,0
42.0,0,6,6,6,2,54.72,0,3,499,0
39.0,3,15,7,1,4,299.31,2,3,238,0
64.0,2,8,2,2,5,128.35,2,3,135,0
63.0,3,15,0,6,9,245.81,0,2,315,0
50.0,0,17,5,0,7,90.66,3,3,238,1
56.0,1,8,0,9,9,140.22,1,2,347,0
38.0,3,8,3,0,0,106.2,1,3,96,0
62.0,1,8,1,6,6,230.0,2,3,402,0
65.0,3,1,2,3,4,216.98,3,0,77,0
58.0,0,18,7,4,6,199.54,3,2,422,0
57.0,1,3,8,6,2,280.67,2,2,192,1
18.0,1,6,8,1,7,88.64,1,2,322,0
63.0,2,10,3,9,0,198.6,3,2,424,0
50.0,3,2,8,9,7,261.68,3,2,385,0
41.0,3,10,5,1,1,270.39,2,2,420,0
18.0,1,18,7,9,7,143.08,1,0,96,0
28.0,0,3,8,7,7,155.72,1,1,380,0
43.0,0,10,5,0,0,52.47,0,0,340,0
23.0,2,17,0,2,0,205.64,2,2,76,0
42.0,1,2,9,2,0,87.09,0,1,408,0
23.0,0,8,9,5,9,114.2,2,1,138,0
42.0,0,18,7,4,8,196.37,1,3,304,0
52.0,1,6,2,5,3,295.42,1,2,79,0
57.0,1,19,2,5,4,156.14,1,3,107,0
46.0,2,8,1,2,7,178.35,1,3,308,0
61.0,1,8,2,0,0,124.87,2,3,205,0
51.0,1,16,9,4,2,114.0,1,3,206,0
61.0,0,13,3,2,7,289.69,0,2,294,0
44.0,3,13,9,6,9,295.77,4,0,146,0
49.0,3,14,7,7,3,184.84,2,1,313,0
22.0,0,19,8,3,2,251.25,3,1,345,0
60.0,0,19,8,2,1,71.99,3,1,463,0
43.0,1,4,8,4,4,140.03,3,1,165,0
42.0,0,9,5,8,4,266.3,1,1,398,0
61.0,0,0,6,0,6,128.03,0,0,391,0
42.0,0,16,8,9,5,78.79,2,0,329,0
52.0,3,7,6,8,6,127.78,2,2,87,0
57.0,0,8,6,1,7,226.24,0,2,171,0
51.0,1,8,7,9,9,223.82,0,2,343,0
33.0,0,10,1,5,7,285.31,1,2,436,0
33.0,3,1,5,4,0,219.8,0,1,187,0
54.0,0,4,3,5,2,247.87,4,1,175,0
62.0,0,6,7,6,5,67.25,0,1,328,0
53.0,3,1,5,9,6,158.67,3,0,399,0
39.0,0,8,5,0,6,157.55,2,3,435,0
46.0,0,1,5,8,7,54.77,3,2,448,0
25.0,1,7,6,6,6,181.69,0,3,124,0
50.0,2,19,6,2,0,73.72,3,0,360,0
29.0,3,4,8,8,6,130.22,2,0,363,1
40.0,3,12,4,4,3,161.88,1,3,67,0
45.0,1,2,5,8,9,185.9,0,0,480,0
20.0,3,5,0,7,9,66.28,1,3,306,0
18.0,0,19,8,3,2,124.84,1,1,351,0
48.0,1,10,8,7,8,245.91,1,3,490,0
56.0,3,19,6,1,8,182.48,3,2,325,0
20.0,0,10,7,7,7,152.63,3,1,483,0
28.0,2,15,0,4,4,190.38,4,0,62,0
38.0,3,7,2,3,0,50.33,1,0,196,1
40.0,3,10,9,0,8,164.7,3,2,232,0
26.0,3,11,8,1,8,160.0,1,2,235,0
53.0,5,14,4,8,7,212.95,3,2,412,0
48.0,3,18,6,4,6,263.29,2,2,88,0
64.0,2,1,7,0,7,145.63,0,0,353,0
56.0,0,7,3,6,0,254.16,2,0,110,0
42.0,2,2,8,0,5,84.76,2,1,415,0
51.0,0,16,1,8,9,124.18,1,2,65,0
49.0,2,15,9,4,3,68.23,3,2,445,0
26.0,1,2,3,3,5,81.82,0,0,323,0
21.0,2,18,5,2,9,159.35,1,2,442,0
20.0,1,9,9,0,5,125.98,3,0,165,0
26.0,3,0,5,5,8,166.97,3,1,202,0
28.0,0,9,6,7,9,252.78,2,0,255,0
41.0,0,14,1,9,8,283.03,0,3,277,0
21.0,0,14,7,5,0,214.12,0,3,309,0
37.0,0,0,2,1,7,226.67,2,2,107,0
36.0,0,6,3,9,8,50.34,0,2,106,0
32.0,1,1,7,2,8,191.33,0,3,298,0
58.0,0,5,7,4,8,64.93,3,0,93,0
40.0,4,10,0,7,2,153.79,3,0,462,0
50.0,0,4,7,8,8,94.56,2,2,68,0
42.0,0,13,2,0,4,229.57,3,0,68,0
42.0,3,9,1,2,0,155.54,1,0,371,0
31.0,2,2,7,4,0,175.5,1,0,64,0
18.0,4,2,6,8,3,147.96,1,2,201,0
28.0,3,0,7,2,8,287.24,1,3,130,0
53.0,0,2,3,3,8,290.42,0,2,234,0
25.0,4,1,0,7,5,262.81,1,0,311,0
19.0,0,2,6,3,0,115.28,2,1,173,0
28.0,0,17,2,3,9,116.96,0,3,99,0
63.0,1,18,7,7,7,290.18,3,1,167,0
44.0,3,12,5,3,8,231.05,3,0,259,0
40.0,1,7,1,1,9,54.64,0,0,81,0
64.0,0,5,7,1,2,165.35,0,1,254,0
42.0,1,10,2,7,3,77.32,0,1,121,0
48.0,0,7,3,4,5,260.61,2,1,382,0
46.0,0,19,3,4,0,70.47,4,3,419,0
43.0,0,3,8,0,3,256.66,1,2,431,0
61.0,0,13,3,8,7,117.61,1,0,107,0
28.0,0,6,7,0,2,295.47,2,0,229,0
56.0,3,0,2,5,5,218.23,2,3,398,0
61.0,0,0,2,7,8,200.0,1,0,152,0
42.0,1,11,1,9,7,85.15,1,3,393,0
50.0,3,6,0,7,0,225.15,3,3,187,0
41.0,5,0,9,5,2,89.09,3,3,483,0
42.0,1,18,6,2,5,157.33,4,1,362,0
29.0,0,10,2,1,1,215.54,1,0,291,0
58.0,0,16,6,7,2,189.1,3,3,157,0
54.0,0,5,8,4,8,166.13,1,3,412,0
36.0,0,13,8,9,3,273.69,0,3,304,0
64.0,3,1,5,3,7,288.27,2,3,243,0
42.0,5,7,7,6,9,274.47,2,0,129,0
41.0,1,10,3,3,3,50.74,2,0,184,0
52.0,3,0,0,1,8,67.75,2,2,258,0
18.0,3,7,5,1,8,106.16,1,0,129,0
58.0,0,16,8,5,3,97.45,0,3,456,0
36.0,0,14,2,4,9,141.07,0,0,400,0
43.0,3,2,3,2,2,65.06,2,3,389,0
38.0,0,17,4,0,8,217.86,3,1,295,0
51.0,3,19,1,5,7,246.07,3,0,434,0
30.0,0,11,8,1,4,87.84,0,0,124,0
42.0,0,8,0,1,9,224.8,3,3,158,0
50.0,3,5,7,2,6,272.19,4,0,399,1
41.0,2,4,4,3,9,192.64,3,0,337,0
58.0,0,7,1,3,2,257.71,2,1,292,0
34.0,3,4,7,2,6,121.22,1,1,53,0
60.0,0,0,9,3,3,159.07,3,3,236,0
61.0,0,14,6,3,4,270.43,2,2,107,0
40.0,0,4,5,2,4,54.91,1,1,245,0
58.0,1,1,9,2,2,61.12,2,3,490,0
42.0,1,2,8,3,1,188.96,1,3,227,0
54.0,3,2,6,1,0,158.96,0,1,89,0
23.0,1,9,5,6,6,131.06,0,2,423,0
33.0,1,4,5,4,3,106.88,4,1,288,0
57.0,0,16,2,6,0,231.74,1,3,170,0
61.0,0,0,6,3,4,248.92,4,2,172,0
65.0,3,0,7,6,5,56.25,0,0,421,0
57.0,0,18,9,3,4,172.11,0,3,434,0
33.0,3,2,2,0,1,226.7,0,0,100,0
42.0,3,0,7,3,3,280.12,0,1,84,0
43.0,3,4,8,7,5,299.39,1,1,133,0
58.0,1,17,9,2,9,274.37,1,1,171,0
40.0,4,5,9,4,5,198.42,0,2,187,0
43.0,1,18,5,4,0,262.7,3,0,465,0
37.0,4,15,8,0,0,258.98,0,0,105,0
34.0,3,15,1,8,4,289.33,3,2,465,0
51.0,1,19,1,5,5,158.52,2,0,142,0
61.0,1,0,7,3,1,165.08,2,3,495,0
48.0,0,12,9,4,3,261.89,1,3,194,0
41.0,0,14,7,9,2,125.24,0,2,346,0
49.0,0,17,6,1,0,106.24,0,1,168,0
43.0,3,14,5,8,3,168.36,2,3,148,0
64.0,0,6,3,6,6,283.99,2,0,400,0
31.0,3,10,9,9,2,104.37,2,3,79,0
41.0,5,7,7,4,6,109.12,0,2,411,0
24.0,3,9,7,1,0,246.74,0,2,350,0
44.0,0,6,8,3,1,121.78,1,0,182,0
46.0,1,14,3,5,4,140.56,3,2,293,0
58.0,0,10,6,0,4,228.52,2,3,301,0
46.0,1,8,3,9,6,211.9,3,2,267,0
50.0,0,2,1,6,8,238.12,1,2,425,0
35.0,3,11,5,8,5,283.97,3,1,199,0
39.0,3,8,2,5,6,130.31,1,2,79,0
25.0,1,10,7,3,4,229.49,2,0,490,0
42.0,3,8,4,9,7,62.37,3,1,281,0
18.0,5,9,6,3,5,50.79,2,1,261,0
50.0,1,12,4,0,5,198.28,0,3,366,0
56.0,0,1,9,2,8,173.65,0,0,472,0
27.0,4,14,1,7,1,133.19,1,1,365,0
46.0,5,4,3,9,9,75.49,3,2,377,0
50.0,0,0,6,9,3,94.62,0,2,179,0
22.0,0,7,9,2,8,95.0,0,0,329,0
34.0,0,3,2,6,9,161.62,2,1,352,0
53.0,0,17,9,9,0,113.29,0,2,146,0
38.0,0,14,6,1,7,140.35,1,1,390,0
18.0,1,17,4,8,6,177.09,2,1,92,0
54.0,1,2,3,6,3,240.2,2,2,451,0
46.0,4,1,0,3,7,264.14,1,2,339,0
51.0,0,2,3,3,8,102.21,2,3,297,0
32.0,0,17,2,3,4,245.06,1,0,152,0
25.0,3,17,9,1,7,78.67,4,2,483,0
29.0,0,12,2,4,6,52.59,3,0,485,0
61.0,1,7,2,4,1,224.01,3,1,179,0
36.0,0,5,6,3,5,126.65,0,1,157,0
19.0,0,0,6,7,1,173.02,0,3,234,0
42.0,0,1,5,1,7,91.5,0,1,419,0
59.0,0,5,4,3,0,73.11,3,0,477,0
54.0,3,11,3,3,3,114.07,0,3,339,0
37.0,0,1,9,1,5,137.17,0,2,116,0
42.0,1,2,6,8,0,239.22,0,0,273,0
61.0,1,4,2,8,6,152.81,0,1,353,0
49.0,0,18,1,8,8,155.21,1,0,485,0
43.0,0,18,2,2,7,53.72,1,0,296,0
55.0,4,11,4,8,2,291.08,1,1,52,0
50.0,2,10,7,9,5,231.93,3,0,435,0
35.0,0,18,5,0,5,170.52,2,3,218,0
54.0,0,18,6,4,1,167.05,3,1,152,0
51.0,2,15,1,6,8,209.89,3,3,192,0
42.0,0,19,8,7,7,129.67,2,3,63,0
30.0,0,4,9,9,0,109.4,2,3,357,0
31.0,0,18,1,9,7,57.95,2,2,468,0
50.0,0,9,7,9,3,177.7,1,2,347,0
24.0,3,11,2,9,8,148.1,2,0,329,0
46.0,0,16,0,1,8,145.98,1,3,50,0
34.0,3,0,3,4,3,146.03,3,0,266,0
52.0,0,7,4,1,6,188.21,0,0,445,0
59.0,3,13,7,3,7,225.57,2,2,107,0
42.0,1,15,2,7,6,148.81,3,0,356,0
52.0,0,17,8,0,8,236.1,1,0,179,0
51.0,4,2,7,4,2,231.0,1,0,132,0
55.0,3,6,2,9,5,144.92,2,0,491,0
36.0,0,3,9,9,9,185.27,2,1,53,0
28.0,0,17,9,9,0,258.7,1,2,226,0
22.0,1,12,6,0,1,273.26,2,0,381,0
24.0,3,14,0,1,8,113.15,2,3,385,0
36.0,2,14,6,0,0,166.49,2,2,307,0
43.0,3,10,1,6,3,274.97,2,0,302,0
35.0,4,15,9,2,7,287.23,4,3,123,0
42.0,3,10,1,1,0,54.29,1,0,105,0
62.0,3,14,8,0,3,122.64,2,0,88,0
29.0,3,11,8,5,8,68.26,4,3,394,0
40.0,2,15,2,3,0,53.93,3,1,132,0
49.0,1,14,0,3,6,151.09,2,0,293,0
62.0,4,4,6,1,8,237.15,2,2,254,0
57.0,3,9,6,9,0,180.29,3,1,248,0
49.0,0,6,9,0,8,179.46,3,0,278,0
22.0,0,11,4,5,1,202.6,2,3,152,0
44.0,0,7,2,3,7,79.4,2,1,54,0
23.0,0,3,4,6,4,235.13,4,2,341,0
62.0,1,17,8,3,2,79.39,1,2,496,0
58.0,0,12,8,7,9,125.05,1,3,65,0
23.0,1,2,0,2,1,290.96,0,2,288,0
23.0,1,16,5,5,4,265.45,1,2,267,0
59.0,4,13,4,2,0,76.12,3,3,342,0
46.0,1,18,5,1,1,278.88,2,3,133,0
47.0,0,11,3,7,8,76.63,3,2,227,0
37.0,2,3,1,6,2,194.58,3,0,491,0
50.0,5,1,5,1,5,183.86,0,0,416,0
26.0,2,1,9,5,2,211.26,1,1,496,0
48.0,1,14,6,3,3,297.29,1,1,444,0
51.0,0,16,9,6,3,180.37,2,2,334,0
25.0,0,17,3,4,6,60.63,2,0,70,0
56.0,1,18,5,5,9,286.34,1,2,425,0
48.0,1,0,3,2,3,261.33,3,3,69,0
52.0,0,7,4,3,8,186.51,3,0,440,1
65.0,0,0,2,4,2,65.72,0,3,97,0
28.0,0,7,1,7,0,194.49,1,1,157,0
29.0,4,14,1,9,6,205.27,1,0,365,0
53.0,3,3,5,4,6,179.4,0,3,82,0
62.0,5,4,8,7,2,99.75,3,2,417,0
54.0,0,5,9,3,3,96.79,1,1,278,0
31.0,0,16,4,2,5,133.27,0,0,79,0
45.0,4,18,4,2,6,71.07,1,3,344,0
31.0,0,3,6,5,8,208.33,0,1,239,0
46.0,1,3,1,3,8,226.1,1,2,439,0
35.0,0,4,3,6,7,152.7,2,0,50,0
54.0,3,2,9,7,0,186.63,4,1,293,0
59.0,4,17,5,1,0,57.08,3,1,141,0
41.0,0,4,8,7,1,67.56,0,2,384,0
43.0,2,9,7,9,1,63.33,1,1,213,0
49.0,3,5,2,9,7,246.27,0,3,321,0
56.0,1,16,2,2,9,102.82,0,3,249,0
40.0,3,17,8,5,5,127.79,3,3,106,0
29.0,0,16,2,0,3,191.3,2,0,329,0
52.0,0,15,7,2,6,180.8,1,2,442,0
39.0,3,15,9,9,2,209.98,0,1,101,1
53.0,3,5,2,4,2,208.91,0,1,351,0
64.0,3,12,6,0,8,50.55,3,2,189,0
42.0,3,17,7,8,7,200.97,2,1,80,0
39.0,3,2,3,1,9,255.2,3,2,65,0
47.0,0,3,0,9,5,161.65,0,3,199,0
25.0,1,11,3,6,8,157.73,2,3,55,0
26.0,2,15,1,9,0,168.54,3,1,256,0
31.0,0,7,8,7,1,164.67,1,3,460,0
57.0,5,13,5,4,3,200.05,3,1,95,0
35.0,0,6,9,8,5,101.43,0,1,381,0
54.0,3,4,7,5,9,112.89,0,3,396,0
26.0,0,5,7,6,1,250.34,3,1,332,0
55.0,5,17,7,2,5,88.6,2,1,156,0
48.0,2,6,6,0,9,243.64,2,2,451,0
37.0,0,6,3,8,6,274.06,0,3,423,0
35.0,2,2,5,9,9,82.35,3,1,330,0
56.0,0,14,6,1,8,167.56,3,2,56,0
62.0,1,10,3,6,9,78.22,3,0,300,0
51.0,5,10,4,2,2,87.81,1,2,368,0
27.0,0,16,1,9,4,192.84,0,3,414,0
42.0,3,1,4,7,7,284.27,3,2,492,0
52.0,2,11,4,2,1,150.33,1,0,238,0
55.0,3,15,9,1,2,135.72,2,2,193,0
25.0,3,11,9,1,1,139.34,3,3,468,0
59.0,0,5,7,7,4,219.47,4,1,161,0
44.0,1,13,6,0,3,94.78,2,2,63,0
57.0,0,17,5,6,9,82.07,2,1,170,0
32.0,0,2,9,7,6,141.5,1,0,93,0
57.0,1,11,2,5,8,141.98,2,1,217,0
43.0,1,13,8,5,1,299.3,2,1,270,0
33.0,0,17,9,2,5,183.9,0,2,196,0
54.0,3,15,3,3,2,254.11,2,2,486,0
42.0,2,9,3,5,4,277.12,3,3,374,0
23.0,0,0,6,7,6,297.65,1,0,226,0
25.0,3,1,2,8,3,92.15,2,0,455,0
52.0,3,7,2,7,5,227.73,2,3,200,0
54.0,0,9,6,1,1,172.43,2,2,73,0
53.0,0,6,1,8,0,150.06,3,0,89,0
20.0,3,0,7,1,0,216.99,0,1,289,0
42.0,0,18,8,4,7,280.8,2,0,361,0
18.0,1,17,8,2,8,254.78,3,0,354,0
41.0,0,6,3,7,9,286.63,2,1,191,0
47.0,5,1,1,3,5,156.14,3,0,391,0
45.0,0,6,0,8,9,264.79,3,2,278,0
27.0,3,11,2,6,0,145.58,3,3,190,0
25.0,0,0,5,0,6,152.89,3,1,436,0
51.0,5,6,0,7,8,144.18,2,1,350,0
47.0,3,12,7,6,4,78.96,3,0,481,0
64.0,1,11,0,2,2,275.59,1,1,401,0
41.0,3,3,7,5,7,223.42,3,3,314,0
64.0,4,8,5,0,9,158.4,1,3,412,0
53.0,0,8,7,3,5,88.98,3,2,190,0
47.0,1,12,7,1,3,234.9,2,1,196,0
44.0,1,10,6,2,0,192.97,0,0,52,0
23.0,0,16,2,6,0,63.59,1,0,64,0
43.0,0,11,9,4,1,78.7,0,0,473,0
27.0,0,0,5,2,4,176.7,1,3,104,0
45.0,1,11,1,8,7,118.15,0,0,430,1
57.0,0,6,8,1,8,156.86,4,2,271,0
24.0,2,18,4,6,6,229.75,1,2,130,0
28.0,5,9,9,0,4,122.72,3,3,238,0
33.0,0,0,1,0,3,115.92,1,2,290,0
51.0,0,13,1,1,3,145.87,0,3,424,0
35.0,1,15,7,5,9,131.17,3,1,198,0
39.0,0,9,3,3,1,151.83,1,1,330,0
62.0,0,6,3,3,5,145.9,3,1,204,0
42.0,5,9,3,1,5,66.08,2,3,79,0
27.0,1,7,5,6,0,59.58,2,3,93,0
62.0,0,2,8,4,2,62.21,0,3,469,0
20.0,1,4,3,3,0,98.0,3,1,401,0
42.0,0,0,1,1,7,129.53,0,2,78,0
25.0,1,7,6,5,0,87.03,1,1,274,0
36.0,1,4,9,8,8,114.01,1,2,389,0
34.0,0,12,7,5,4,79.67,2,0,158,0
42.0,0,19,6,7,2,237.36,2,0,290,0
59.0,0,12,9,6,0,75.81,4,0,408,0
65.0,1,19,1,2,8,203.01,1,0,471,0
37.0,1,3,8,9,3,107.4,2,1,250,0
60.0,2,2,6,8,7,108.05,1,2,482,0
51.0,1,5,2,3,2,156.09,4,1,65,0
35.0,0,8,2,3,8,192.9,2,1,265,0
55.0,3,16,6,5,2,68.26,0,1,141,0
57.0,0,13,6,7,4,262.42,0,1,224,0
34.0,0,12,8,9,4,233.02,0,2,304,0
37.0,1,0,2,0,4,114.1,3,1,427,0
51.0,4,7,5,2,6,150.76,0,1,75,0
30.0,0,3,2,5,3,152.2,3,0,178,0
50.0,3,14,5,0,3,69.78,0,0,440,0
21.0,1,18,6,8,6,91.04,3,2,126,0
21.0,0,4,1,5,1,116.06,3,2,285,0
40.0,3,1,6,3,6,230.42,3,1,385,1
21.0,3,18,6,0,7,182.96,2,2,389,0
31.0,2,8,3,2,9,237.01,1,3,459,0
46.0,5,1,4,4,9,71.16,1,1,307,0
20.0,0,4,0,4,7,286.46,3,3,199,0
37.0,0,4,6,9,1,149.06,1,3,104,0
64.0,1,3,6,0,5,97.69,2,2,455,0
52.0,0,4,9,1,9,116.12,2,2,148,0
36.0,0,1,5,3,3,199.45,1,1,304,0
35.0,2,2,9,1,6,136.63,4,0,327,0
34.0,0,0,1,0,8,73.02,3,0,407,0
32.0,0,1,3,9,6,253.9,0,1,281,0
29.0,0,16,6,7,6,69.46,0,3,259,0
62.0,2,4,4,0,5,279.22,1,2,353,0
38.0,1,16,6,4,8,71.41,3,3,307,0
58.0,0,16,7,8,0,242.02,3,0,140,0
51.0,1,12,4,4,1,212.87,0,1,400,0
56.0,1,9,6,8,0,245.82,0,2,62,0
27.0,1,1,8,1,8,275.15,0,0,192,0
29.0,1,19,4,3,0,243.33,1,1,323,1
32.0,1,6,9,6,4,210.89,3,2,200,0
51.0,0,13,4,4,3,103.16,1,0,475,0
32.0,0,17,2,3,1,75.07,1,2,187,0
52.0,5,14,6,1,3,267.24,3,1,60,0
26.0,0,3,2,0,3,230.17,2,1,485,0
45.0,3,5,1,0,0,253.64,3,2,396,0
41.0,0,7,0,2,3,272.31,0,1,120,0
23.0,1,2,2,3,2,148.39,1,0,196,0
26.0,0,6,8,6,8,248.93,0,0,71,0
20.0,3,15,5,7,1,141.44,1,1,485,0
39.0,3,16,8,2,3,81.68,0,0,435,0
24.0,3,8,8,4,8,167.0,0,0,222,0
42.0,5,3,6,9,4,235.82,4,2,181,0
64.0,3,3,6,6,6,283.45,3,1,286,0
27.0,0,8,4,4,9,66.8,0,0,449,1
25.0,0,2,4,9,6,153.69,1,3,357,0
42.0,3,9,6,7,4,92.13,1,2,90,0
62.0,0,17,8,7,3,200.5,0,3,404,0
26.0,0,6,9,8,6,219.7,0,3,332,0
41.0,3,15,1,7,3,63.47,2,0,466,0
41.0,3,14,4,7,7,179.65,3,1,189,0
46.0,3,3,1,6,9,240.57,0,1,169,0
62.0,3,5,3,6,9,233.39,2,3,482,0
21.0,0,2,0,4,6,113.2,3,1,336,0
57.0,3,14,6,9,4,58.31,0,2,230,0
37.0,1,17,1,9,8,268.1,2,0,433,0
65.0,4,15,8,4,2,287.55,1,1,200,0
18.0,0,12,3,2,5,182.85,3,2,417,0
45.0,0,1,0,7,6,283.92,0,2,279,0
56.0,3,5,5,2,0,283.82,1,3,279,0
22.0,0,2,8,4,0,205.78,1,2,126,0
29.0,2,18,4,5,4,150.42,0,1,83,0
47.0,1,5,2,4,7,170.25,0,1,400,0
46.0,2,15,7,3,7,65.53,2,0,461,0
55.0,0,17,2,2,2,54.33,1,1,450,0
31.0,3,14,8,6,2,251.98,0,0,96,0
50.0,3,5,9,6,6,54.61,3,1,472,1
23.0,0,12,6,8,5,117.3,0,2,245,0
47.0,2,18,9,0,1,185.07,1,3,441,0
40.0,0,0,4,6,1,298.89,1,1,416,0
29.0,0,16,1,3,2,273.5,3,2,130,0
31.0,1,12,8,2,9,93.3,4,2,217,0
34.0,0,13,0,9,0,245.66,2,0,173,0
42.0,5,10,2,2,0,217.55,2,1,325,1
50.0,1,1,9,6,1,216.62,0,0,283,0
39.0,0,11,1,8,0,152.79,3,1,304,0
49.0,3,4,1,8,0,224.72,1,0,239,0
29.0,3,3,8,8,2,120.83,3,1,460,0
45.0,0,5,5,9,8,56.04,2,1,265,0
20.0,0,9,3,0,8,138.22,2,3,319,0
40.0,0,15,6,0,0,197.03,3,2,187,0
37.0,0,13,7,8,5,209.13,3,2,184,0
30.0,2,8,9,0,7,105.59,3,1,463,0
42.0,0,1,3,1,4,224.14,2,3,195,0
42.0,1,19,7,3,8,166.98,1,0,170,0
32.0,1,18,5,0,7,144.71,2,3,188,0
63.0,0,11,1,7,4,52.98,1,1,145,0
65.0,3,0,1,9,8,165.26,2,1,334,0
59.0,3,11,0,5,6,83.25,1,2,184,0
24.0,0,10,2,5,6,207.91,3,3,416,0
18.0,3,3,8,4,7,211.21,3,2,334,0
52.0,1,0,7,1,5,110.64,1,2,361,0
64.0,3,2,6,1,2,73.36,2,3,260,0
53.0,3,12,8,1,5,91.39,1,0,210,0
24.0,3,16,1,6,6,211.43,0,1,190,0
46.0,0,12,8,3,8,214.66,2,2,96,0
49.0,1,8,4,2,2,185.13,1,2,129,0
38.0,0,9,6,0,2,59.79,3,2,487,0
34.0,5,4,8,3,9,234.33,1,3,203,0
62.0,0,14,7,7,7,116.31,3,3,488,0
42.0,0,3,8,3,7,226.36,2,1,440,1
29.0,4,17,3,0,0,150.81,0,2,270,0
57.0,0,17,0,5,5,138.86,1,0,259,0
59.0,0,13,5,8,8,236.08,4,2,481,0
40.0,3,1,5,3,9,216.8,3,2,161,0
40.0,1,13,6,5,0,235.61,3,0,379,0
46.0,0,17,1,9,7,138.21,3,3,223,0
54.0,2,17,4,9,1,218.56,0,2,355,0
38.0,3,5,7,5,9,166.28,3,1,143,0
45.0,2,10,8,7,6,259.33,1,2,127,0
50.0,2,18,6,7,5,152.47,3,3,406,0
55.0,1,3,6,6,9,123.46,3,3,127,0
42.0,2,18,6,1,8,231.65,2,0,328,0
47.0,1,0,0,1,7,253.23,1,1,166,0
61.0,1,10,7,0,7,247.8,1,1,456,0
37.0,2,3,4,9,5,142.07,2,3,466,0
39.0,1,14,8,9,2,222.21,4,0,289,0
63.0,1,15,8,3,5,149.55,0,2,351,0
60.0,3,16,3,1,5,243.19,0,3,226,0
27.0,2,5,9,9,2,179.06,2,3,395,1
26.0,0,17,7,7,2,169.32,2,2,450,0
31.0,1,4,8,6,3,213.2,1,3,177,0
49.0,1,12,1,9,2,161.75,0,3,79,0
65.0,0,13,9,7,4,178.87,3,2,123,0
54.0,0,8,4,7,2,232.62,1,3,259,0
19.0,0,8,8,2,8,272.65,3,1,299,0
42.0,4,0,4,0,2,76.69,0,1,175,0
26.0,3,6,8,3,8,55.62,0,0,386,1
36.0,4,10,5,0,0,111.9,1,2,141,0
50.0,1,0,8,8,3,111.52,2,0,109,0
65.0,3,8,8,7,4,57.77,3,2,495,0
50.0,1,19,6,2,5,226.77,2,3,95,0
55.0,3,8,9,3,0,106.12,1,2,195,0
20.0,2,1,1,6,5,58.23,2,2,214,0
42.0,0,11,1,3,4,291.85,1,2,441,0
59.0,5,11,8,0,5,79.1,2,2,434,0
24.0,2,17,4,2,7,298.61,0,3,282,0
52.0,4,16,2,3,4,295.14,4,0,261,0
47.0,3,2,9,8,9,299.91,3,3,89,0
55.0,1,13,8,1,4,178.58,0,1,106,0
38.0,0,0,3,4,7,69.4,1,3,224,0
23.0,1,2,9,2,4,194.13,2,0,279,0
25.0,0,15,5,2,5,212.38,0,3,99,0
38.0,1,17,9,8,2,135.91,3,3,244,0
62.0,3,9,8,2,1,231.11,1,1,130,0
43.0,4,11,5,5,9,66.25,1,2,94,0
42.0,0,4,4,0,4,226.55,3,0,382,0
25.0,3,7,9,3,9,92.72,3,3,136,0
56.0,3,14,5,6,1,158.24,3,0,333,0
32.0,3,9,5,4,0,80.71,1,2,308,0
63.0,1,0,2,5,0,164.59,2,2,95,0
57.0,0,16,5,5,1,65.98,2,2,157,0
46.0,0,11,0,7,5,181.69,3,0,460,0
57.0,3,5,4,2,3,230.51,3,3,138,0
42.0,4,12,7,4,1,249.64,2,2,486,0
42.0,0,7,2,7,6,77.45,0,0,477,0
45.0,0,2,4,9,4,182.4,3,2,287,0
60.0,1,19,5,0,6,251.31,0,3,350,0
45.0,0,12,7,7,4,289.78,2,2,230,0
20.0,0,2,1,0,5,220.0,0,0,183,0
22.0,0,14,9,0,0,155.67,3,0,81,0
32.0,1,19,5,7,9,250.99,0,2,100,0
42.0,0,15,1,4,9,222.67,4,3,158,0
43.0,0,13,2,1,1,156.61,2,3,56,0
42.0,1,11,8,4,4,87.77,3,3,383,0
56.0,0,14,8,3,5,84.3,4,1,116,0
29.0,3,13,8,0,0,272.0,1,0,362,0
39.0,3,7,3,7,0,131.81,1,1,473,0
41.0,3,8,2,9,8,174.17,3,1,262,0
55.0,1,10,6,1,1,290.69,1,0,156,0
25.0,2,10,2,6,6,173.39,1,0,355,0
48.0,0,13,1,1,4,91.78,2,1,240,0
21.0,2,14,6,4,3,130.98,0,2,274,0
54.0,1,2,2,6,5,218.51,3,2,418,0
60.0,1,2,9,7,7,133.55,0,1,175,0
23.0,1,16,7,9,7,160.46,2,0,223,1
39.0,1,7,8,6,4,180.05,1,1,394,0
40.0,0,18,2,8,3,298.35,3,1,479,0
63.0,4,10,2,9,7,276.04,3,1,438,0
19.0,2,17,6,9,4,122.43,0,0,258,1
54.0,1,12,0,3,0,129.19,2,2,205,0
64.0,0,6,1,6,4,265.76,1,0,222,0
62.0,1,18,1,5,0,239.69,0,0,325,0
28.0,3,17,5,3,8,131.35,2,2,71,0
63.0,2,14,2,8,9,204.48,1,1,169,1
64.0,3,4,9,6,4,262.55,1,0,367,0
42.0,0,10,1,3,3,294.21,3,0,231,0
61.0,4,12,0,9,9,259.43,0,1,456,0
48.0,0,3,3,0,3,195.93,3,1,190,0
54.0,1,10,8,6,1,81.83,3,1,398,0
35.0,4,14,6,1,7,274.79,0,0,110,0
50.0,0,8,7,9,7,99.05,0,0,422,0
22.0,0,8,3,1,3,132.72,2,1,198,0
20.0,1,19,6,5,2,205.24,0,0,410,0
42.0,1,14,0,7,7,113.08,4,3,211,0
42.0,1,8,6,3,0,247.89,2,0,378,0
24.0,0,5,4,5,2,288.62,3,3,309,0
50.0,1,12,0,6,6,250.0,1,0,426,0
26.0,0,5,6,5,5,174.68,3,2,407,0
62.0,3,11,7,3,1,269.92,0,3,235,0
51.0,1,2,6,4,7,234.17,3,1,374,0
22.0,0,6,1,0,8,106.36,1,3,384,0
51.0,1,4,5,1,1,67.45,3,2,186,0
63.0,0,3,0,4,6,51.42,3,0,194,0
54.0,3,0,3,1,6,150.23,1,1,258,0
49.0,0,2,1,5,5,114.22,0,1,194,0
27.0,1,3,6,6,5,291.99,4,1,277,0
52.0,0,4,8,5,5,185.98,1,1,469,0
54.0,3,15,4,4,8,172.18,0,0,383,0
45.0,0,12,7,4,6,252.89,0,2,243,0
20.0,4,10,6,1,1,272.49,2,2,137,0
24.0,0,3,5,1,5,67.92,3,0,55,1
23.0,3,6,2,6,3,129.57,3,2,60,0
37.0,0,14,4,5,2,223.95,0,0,471,0
45.0,3,8,5,4,4,269.63,3,3,102,0
42.0,0,15,5,6,2,73.48,1,3,326,0
42.0,0,0,3,1,6,107.64,2,3,435,0
47.0,1,12,8,2,4,195.38,2,1,276,0
59.0,1,11,5,1,4,181.34,2,3,212,0
42.0,0,1,5,7,5,214.84,3,1,290,0
35.0,3,18,4,0,1,241.87,2,2,198,0
51.0,2,15,5,1,1,287.08,3,0,246,0
64.0,5,15,9,6,6,232.67,1,2,144,0
24.0,0,16,5,3,5,64.97,3,2,108,0
36.0,0,19,2,7,8,85.77,0,3,356,0
45.0,4,11,6,0,5,242.86,0,0,184,0
63.0,0,9,9,7,5,260.91,1,2,429,0
50.0,0,12,4,1,6,277.81,3,1,117,0
18.0,4,16,9,9,2,283.28,1,0,63,0
56.0,3,9,0,5,5,251.64,1,1,194,0
58.0,1,0,5,8,7,131.62,1,1,51,0
62.0,2,11,6,0,5,134.69,1,2,227,0
23.0,0,3,0,2,1,283.85,1,1,293,0
54.0,1,7,7,6,8,253.07,2,1,263,0
50.0,3,5,7,0,8,117.52,3,2,99,0
34.0,0,14,6,1,4,189.62,4,0,214,0
55.0,0,10,1,9,4,211.13,0,1,485,0
37.0,0,6,6,9,8,281.16,0,2,188,0
42.0,0,15,2,1,1,211.56,1,3,321,0
57.0,1,7,2,7,2,165.64,3,3,96,0
20.0,0,3,9,7,3,211.2,0,2,402,0
42.0,0,2,1,8,7,105.5,0,1,264,0
64.0,2,13,1,1,8,238.31,0,0,251,0
39.0,1,14,3,1,8,112.42,2,2,346,0
28.0,0,11,7,8,1,292.47,3,1,138,0
25.0,0,5,5,8,3,191.74,3,3,238,0
37.0,3,3,5,8,6,275.18,0,0,425,0
31.0,3,7,7,9,3,289.38,0,0,356,0
42.0,3,8,9,3,4,100.48,2,1,162,0
50.0,3,14,2,9,6,115.14,1,1,408,0
52.0,1,1,1,9,5,292.37,2,2,71,0
20.0,3,14,8,8,2,116.82,1,2,377,0
39.0,3,19,3,8,1,67.06,1,0,50,0
21.0,0,9,8,2,1,269.73,2,3,101,0
56.0,0,16,8,7,5,166.68,3,3,179,0
54.0,4,11,9,4,0,265.58,1,2,263,0
38.0,2,6,5,2,1,196.66,1,3,491,0
34.0,3,19,5,7,8,79.97,3,2,175,0
48.0,3,9,6,3,7,204.18,2,0,500,0
54.0,5,10,8,3,2,288.97,0,0,426,0
28.0,0,7,8,2,6,224.89,2,2,284,0
42.0,3,5,7,3,5,213.01,2,3,468,0
60.0,3,2,5,6,0,256.59,1,3,164,0
64.0,1,10,7,9,1,93.67,3,2,322,0
22.0,3,7,3,0,7,123.9,1,1,351,0
47.0,2,19,3,4,9,249.62,0,0,146,1
57.0,0,12,4,4,8,259.63,0,1,89,0
54.0,3,13,6,3,0,132.31,2,1,244,0
61.0,0,10,9,0,8,103.47,0,1,458,0
63.0,0,10,3,8,0,250.61,3,2,215,0
38.0,0,3,0,2,7,155.86,4,0,412,0
43.0,0,9,6,3,7,256.57,3,3,61,0
40.0,0,1,0,1,4,165.78,0,2,439,0
24.0,0,4,1,9,8,60.9,0,3,209,0
26.0,0,17,9,5,4,196.84,1,3,323,0
29.0,1,17,0,8,4,184.84,0,2,172,0
27.0,0,18,1,1,9,246.57,0,3,65,0
28.0,1,6,3,7,8,193.77,1,0,196,0
49.0,1,6,0,9,5,113.11,3,1,245,0
58.0,0,15,0,4,2,124.78,4,3,301,0
37.0,2,15,5,9,6,249.16,1,3,60,1
42.0,3,6,4,6,5,133.88,2,0,338,0
55.0,1,13,7,4,6,272.2,1,1,165,0
52.0,3,5,9,7,2,194.17,2,0,467,0
64.0,0,16,4,6,3,108.61,1,1,115,0
34.0,0,13,9,0,9,66.6,2,0,354,0
38.0,0,16,7,7,8,267.68,4,3,402,0
62.0,1,13,3,7,1,265.18,1,2,128,0
34.0,0,13,1,8,5,296.44,3,2,231,0
54.0,0,17,9,4,9,124.99,2,1,147,1
27.0,0,3,2,7,1,251.13,0,2,500,0
45.0,0,13,4,0,9,250.25,2,1,76,0
33.0,0,16,4,8,9,114.1,1,3,209,0
22.0,3,18,6,7,9,79.0,3,2,389,0
42.0,1,1,9,2,7,162.31,0,3,131,0
31.0,3,15,8,1,2,153.67,1,3,67,0
36.0,3,16,5,8,1,226.86,2,1,239,0
32.0,0,3,6,9,7,256.6,3,0,342,0
51.0,0,13,5,6,0,251.89,0,1,453,0
33.0,0,15,9,8,3,114.0,3,3,490,0
19.0,5,16,6,5,4,212.8,1,3,266,0
54.0,2,19,8,0,3,82.13,3,2,265,0
56.0,4,10,1,5,1,298.22,1,3,130,0
54.0,1,2,6,8,4,240.35,2,0,490,0
33.0,3,15,7,4,5,207.61,1,1,119,1
47.0,3,17,4,2,5,196.84,1,2,161,0
43.0,0,5,4,9,9,223.6,1,1,403,0
47.0,1,3,4,7,7,83.34,3,0,407,0
60.0,3,10,0,8,5,121.29,2,3,327,0
23.0,3,16,9,1,4,295.21,3,1,325,0
36.0,3,6,6,2,2,151.28,0,3,322,0
56.0,3,13,6,0,8,217.09,0,2,347,0
29.0,0,17,1,6,2,58.16,2,2,133,0
42.0,0,17,3,9,3,283.95,0,2,302,0
58.0,3,0,9,3,3,126.75,2,0,227,0
52.0,1,11,3,6,7,165.29,2,2,185,0
25.0,3,16,3,5,9,189.19,3,1,110,0
46.0,1,3,8,3,8,248.27,0,2,60,0
59.0,1,18,0,3,8,287.22,2,0,401,0
49.0,3,18,1,3,4,277.94,2,0,197,0
40.0,0,4,2,0,9,254.87,2,0,183,0
18.0,1,6,6,9,5,119.83,1,3,120,0
30.0,0,19,6,3,3,256.0,3,3,162,0
35.0,2,2,2,3,3,237.84,1,3,153,0
54.0,0,14,9,9,8,143.52,3,3,159,0
20.0,0,16,4,2,9,250.2,2,1,310,1
31.0,3,1,3,6,7,89.4,1,2,491,0
63.0,3,14,2,1,0,293.82,1,2,290,0
22.0,3,15,2,6,1,117.89,0,0,415,0
53.0,0,9,3,3,8,82.68,4,2,121,0
44.0,2,0,5,7,3,134.77,3,2,234,0
52.0,1,16,4,4,3,115.32,0,1,308,0
56.0,1,5,7,1,3,96.97,1,0,396,0
29.0,1,7,1,4,9,246.53,0,0,148,0
24.0,3,10,2,1,8,277.59,0,2,152,0
64.0,4,15,2,2,7,206.48,1,3,142,0
36.0,3,13,4,1,4,145.22,2,3,258,0
42.0,0,10,9,8,3,264.14,1,0,241,0
43.0,0,12,7,7,8,70.36,1,0,136,0
54.0,3,1,9,6,1,181.46,1,2,386,0
32.0,3,8,9,8,7,255.69,2,0,96,0
54.0,1,9,8,0,9,240.88,1,1,79,0
19.0,3,17,1,9,1,280.82,1,2,339,0
24.0,5,18,3,7,8,62.45,0,3,147,0
55.0,1,15,0,9,6,181.15,3,1,448,0
23.0,4,19,2,6,5,273.9,3,0,243,0
65.0,1,14,0,7,2,165.44,3,2,119,0
19.0,1,7,3,5,2,251.01,2,3,261,0
49.0,1,3,4,0,5,203.88,2,2,318,0
43.0,0,9,7,4,2,169.89,3,3,415,0
53.0,5,1,2,3,4,238.03,2,2,210,0
25.0,0,16,0,4,1,105.57,2,0,105,0
55.0,1,12,1,7,6,271.38,2,3,218,0
35.0,1,6,7,2,9,118.17,0,3,238,0
41.0,0,17,5,3,3,287.79,0,1,338,0
49.0,0,6,2,0,1,113.51,2,0,105,0
41.0,4,19,7,9,9,292.31,2,2,97,0
45.0,4,1,0,5,3,156.79,2,1,447,0
37.0,3,15,8,4,7,179.32,1,2,468,0
64.0,0,19,0,3,2,241.25,1,2,449,0
53.0,1,13,4,4,0,236.79,2,0,157,0
22.0,3,7,5,0,8,285.6,2,3,212,0
42.0,3,19,4,9,8,238.11,1,3,141,0
57.0,2,7,7,3,7,112.9,0,1,127,0
42.0,3,7,9,6,5,265.32,3,2,462,0
38.0,1,18,5,0,8,288.59,3,2,197,0
42.0,3,1,2,7,2,76.61,2,2,477,0
19.0,0,17,6,7,6,72.85,1,1,211,0
31.0,5,13,2,6,1,124.33,0,0,368,0
64.0,1,8,1,7,1,243.04,3,3,314,0
33.0,3,7,9,0,6,266.53,3,3,163,0
26.0,0,5,2,5,4,216.46,1,0,183,0
27.0,0,1,8,9,9,76.09,2,3,449,0
22.0,0,7,2,2,2,125.46,1,3,347,0
23.0,0,5,5,8,4,208.15,1,3,439,0
39.0,3,6,5,9,3,209.41,0,0,130,0
24.0,3,1,5,7,7,91.91,1,1,229,1
34.0,3,3,0,5,3,230.56,2,0,446,0
29.0,3,9,3,8,1,281.54,2,1,343,0
34.0,4,16,6,9,5,113.04,3,1,389,0
42.0,0,8,5,6,5,229.09,0,3,370,0
26.0,3,14,2,1,8,111.47,3,1,354,0
38.0,3,6,9,1,2,88.42,3,2,281,0
42.0,0,1,6,7,1,206.48,3,0,117,0
60.0,1,15,6,4,2,286.98,4,3,213,0
65.0,1,1,7,7,3,272.82,1,2,346,0
53.0,4,8,2,5,3,287.47,2,2,156,0
26.0,0,1,6,3,3,95.93,2,2,449,0
18.0,0,16,4,0,8,257.12,0,0,221,0
23.0,1,12,0,7,5,75.47,2,2,389,0
24.0,1,0,2,9,5,186.95,3,3,306,0
63.0,0,15,3,7,4,265.49,0,0,110,0
64.0,0,14,0,4,6,167.13,2,0,333,1
60.0,3,11,6,4,7,75.22,0,0,413,0
25.0,3,14,6,0,4,79.85,1,0,119,0
36.0,3,8,5,4,1,228.81,2,0,82,0
50.0,2,2,4,5,3,100.0,3,2,458,0
37.0,3,12,4,4,2,173.88,1,2,151,0
36.0,1,8,4,1,3,136.36,2,0,258,0
45.0,1,19,8,8,9,198.64,1,2,138,1
56.0,1,14,3,3,9,130.01,0,1,339,0
18.0,4,12,0,5,9,120.59,1,2,176,0
31.0,1,10,0,2,9,235.84,3,0,464,0
45.0,0,19,2,7,0,184.16,1,0,500,0
37.0,0,0,1,1,9,226.35,3,0,71,0
20.0,0,4,2,3,4,259.44,3,0,352,0
31.0,1,8,2,0,7,280.92,3,1,148,0
62.0,1,11,6,3,2,161.36,0,0,376,0
39.0,5,1,0,2,5,186.63,0,2,267,0
62.0,0,5,8,3,9,290.89,2,1,216,0
36.0,0,13,9,5,1,161.02,2,0,198,0
43.0,0,1,1,3,9,99.2,1,0,68,0
18.0,3,8,1,3,4,149.2,4,1,268,0
47.0,4,19,6,1,7,104.0,3,1,198,0
42.0,1,18,7,0,3,97.23,1,1,248,0
29.0,1,7,7,6,9,169.88,3,3,394,0
43.0,0,9,2,8,2,226.72,0,2,59,0
39.0,1,18,6,5,6,267.13,1,1,429,0
65.0,3,19,0,2,6,221.12,0,0,423,0
57.0,2,11,2,8,9,57.64,3,3,161,0
18.0,0,3,9,9,1,233.5,3,1,243,0
62.0,3,12,9,1,6,113.05,0,3,313,0
18.0,2,0,3,7,3,129.65,2,1,437,0
29.0,3,7,7,5,5,53.94,4,0,466,0
53.0,0,1,8,3,0,270.74,3,0,227,0
19.0,3,4,1,2,9,197.08,2,2,395,0
39.0,1,7,3,9,9,287.21,0,0,435,0
40.0,3,4,4,0,8,141.07,3,3,255,0
64.0,2,0,8,5,6,226.93,2,2,173,0
49.0,2,3,8,6,1,118.43,0,3,152,0
62.0,0,14,0,9,9,170.38,2,2,141,0
42.0,2,16,9,2,4,102.08,1,0,400,0
55.0,0,19,4,7,5,107.04,0,0,94,0
27.0,3,7,1,4,1,213.66,1,3,185,0
26.0,1,8,1,0,5,205.35,2,1,231,0
43.0,0,8,0,2,0,139.06,0,0,413,0
27.0,3,12,0,7,0,112.72,1,1,392,0
42.0,4,19,2,8,9,187.87,0,1,312,0
30.0,1,13,5,9,1,88.57,0,2,317,0
56.0,1,17,7,9,8,88.5,2,2,166,0
30.0,0,1,7,6,9,111.46,2,2,238,0
49.0,3,7,7,8,7,131.99,0,1,145,0
52.0,0,17,3,9,7,259.0,3,3,400,0
20.0,0,13,7,8,9,122.32,2,3,219,0
20.0,1,2,1,4,6,150.9,0,1,352,0
22.0,2,10,4,4,9,124.6,3,2,456,0
28.0,0,11,7,9,4,175.41,3,2,304,0
50.0,1,14,9,0,6,173.93,2,1,171,0
51.0,1,0,8,4,3,203.47,1,0,179,1
33.0,3,13,3,0,2,170.19,3,2,301,0
31.0,3,9,0,4,3,208.27,1,0,469,0
47.0,0,0,5,4,2,257.3,3,1,381,0
35.0,1,7,8,0,0,272.6,0,0,184,0
58.0,0,5,7,7,8,92.24,3,3,218,0
57.0,1,8,5,8,8,84.61,2,1,254,0
27.0,2,9,7,6,5,52.02,3,0,79,0
51.0,0,0,3,8,6,239.78,0,3,116,0
19.0,0,5,5,1,4,89.06,1,1,146,0
41.0,2,6,0,2,4,272.69,3,2,389,0
22.0,5,16,9,4,3,238.98,1,0,262,0
37.0,3,5,6,9,4,77.05,3,0,262,0
22.0,3,11,2,8,7,236.36,0,2,127,0
45.0,1,6,3,5,9,208.51,2,0,132,0
34.0,0,19,0,6,5,258.38,1,1,388,0
31.0,2,3,4,5,5,210.4,4,1,263,0
42.0,0,18,9,7,2,115.15,0,2,356,0
41.0,0,17,7,6,4,255.69,2,1,465,0
47.0,5,10,8,5,1,271.75,2,1,115,0
47.0,1,7,5,0,9,129.39,1,1,323,0
62.0,3,2,1,1,9,258.72,1,2,492,0
46.0,3,18,9,5,4,99.59,3,2,176,0
33.0,0,12,4,9,6,159.01,1,2,292,0
57.0,0,15,1,5,0,54.64,2,2,266,0
35.0,3,8,8,4,5,59.65,2,2,83,0
57.0,0,12,1,9,5,177.75,3,0,398,0
43.0,0,0,6,5,2,147.35,1,2,294,1
29.0,0,13,8,2,1,176.49,3,3,207,0
50.0,1,18,1,0,0,82.15,0,0,203,0
21.0,1,1,1,7,2,80.44,2,0,101,0
40.0,0,3,8,0,3,162.61,1,3,280,0
43.0,0,6,1,2,9,130.88,2,1,151,1
21.0,3,5,3,5,0,104.75,0,1,195,0
61.0,0,16,6,0,6,89.46,2,3,85,0
26.0,0,17,4,7,4,217.78,3,1,231,1
48.0,0,15,2,9,4,97.12,2,3,253,0
60.0,1,14,0,1,5,152.0,0,3,280,0
64.0,3,16,7,4,1,261.5,3,2,77,0
42.0,1,10,9,4,8,287.78,1,2,331,0
43.0,1,9,9,4,8,255.61,3,0,298,0
37.0,1,14,5,0,9,256.98,1,2,413,0
29.0,0,14,6,3,0,129.58,0,2,61,0
30.0,0,3,2,1,3,215.89,2,1,338,0
19.0,0,0,9,1,1,247.43,3,2,412,0
49.0,5,8,4,3,2,166.7,0,0,496,0
42.0,3,14,1,1,6,51.95,1,1,335,0
54.0,0,9,9,2,6,190.77,1,2,386,0
50.0,0,17,7,6,8,93.53,0,1,159,0
58.0,0,18,5,8,0,129.24,0,1,71,0
37.0,4,3,1,7,8,69.26,1,2,258,0
41.0,3,16,0,4,4,101.33,1,1,477,0
63.0,0,6,8,4,9,255.29,1,2,95,0
18.0,0,6,9,1,6,281.44,1,3,410,0
42.0,0,1,5,4,9,249.77,1,2,389,0
34.0,1,17,3,9,5,177.37,0,0,417,0
37.0,3,18,6,7,2,116.27,2,1,460,0
25.0,0,6,3,1,2,111.06,2,3,180,0
60.0,1,12,1,2,9,118.74,3,1,252,0
26.0,3,10,6,7,5,70.59,1,3,265,0
19.0,4,19,2,2,9,83.08,0,3,276,0
21.0,2,2,8,4,0,97.04,2,0,314,0
29.0,2,19,1,5,0,126.51,1,3,109,0
58.0,3,5,7,4,1,218.97,1,2,432,0
19.0,2,17,7,9,1,220.77,1,0,219,0
47.0,3,0,0,7,2,126.31,4,3,372,0
18.0,3,5,3,4,7,52.28,0,0,465,0
21.0,3,16,1,7,1,236.94,0,3,207,0
23.0,1,8,3,1,1,251.49,3,0,351,0
23.0,3,14,3,7,0,290.72,3,2,147,0
28.0,0,8,4,2,2,206.51,3,1,248,0
29.0,3,9,6,3,4,222.55,2,3,386,0
31.0,1,0,0,0,2,234.84,3,2,116,0
44.0,3,12,4,3,1,228.59,2,0,256,0
30.0,3,14,3,8,4,225.49,3,1,328,0
49.0,1,14,8,6,4,271.28,2,0,136,0
65.0,5,11,6,4,5,142.22,1,2,248,0
48.0,1,2,7,3,1,226.82,1,3,236,0
25.0,1,2,4,9,2,132.53,2,0,280,0
62.0,5,3,2,9,4,220.47,0,1,213,0
22.0,0,17,0,7,1,117.5,3,3,202,0
18.0,0,6,4,5,1,203.98,0,1,353,0
49.0,0,5,5,6,0,193.21,2,3,477,0
23.0,5,12,5,1,5,149.23,0,2,296,0
42.0,0,0,1,4,5,60.78,0,0,96,0
42.0,1,18,7,4,1,188.44,2,2,281,0
42.0,5,8,4,0,2,181.42,3,3,231,0
63.0,1,9,6,1,6,67.51,3,0,394,0
27.0,0,14,7,7,6,194.44,2,0,339,0
42.0,0,6,5,7,7,53.32,0,2,326,0
33.0,3,14,1,8,5,154.43,2,3,491,0
42.0,3,15,9,3,4,167.57,2,3,255,0
18.0,1,17,4,1,9,258.59,2,2,344,0
55.0,0,8,0,9,3,223.7,0,2,381,0
60.0,0,19,4,5,5,290.37,0,3,491,0
42.0,1,5,5,0,3,55.82,2,2,274,0
39.0,3,11,8,2,7,162.4,3,0,433,0
32.0,2,1,5,8,9,185.95,0,3,227,0
51.0,2,12,0,2,1,219.59,1,1,290,0
49.0,3,4,4,5,6,189.24,0,0,265,0
39.0,5,2,4,4,6,288.96,2,3,399,0
58.0,1,9,0,8,3,210.64,3,3,409,0
43.0,2,9,0,8,9,205.34,2,2,211,0
48.0,0,3,8,0,7,84.03,3,1,487,0
55.0,0,1,2,2,7,126.6,2,0,443,0
57.0,2,7,1,6,9,57.25,2,0,230,0
64.0,3,14,9,0,8,103.1,1,3,393,0
22.0,0,13,4,1,5,56.03,0,0,463,0
25.0,3,5,3,9,4,143.76,3,0,258,0
26.0,0,3,1,2,8,135.43,3,2,409,0
31.0,0,7,1,4,8,164.96,2,3,145,0
19.0,2,7,4,4,6,190.24,3,3,302,0
38.0,1,13,3,8,6,93.67,0,1,303,0
29.0,1,19,1,1,1,184.55,1,3,484,0
56.0,1,18,2,6,9,212.58,3,2,500,0
34.0,0,7,2,7,6,115.62,4,3,450,0
59.0,2,10,3,8,2,292.11,0,1,359,0
35.0,0,9,1,3,8,298.03,1,0,365,0
52.0,2,6,7,3,8,220.97,0,1,256,0
60.0,0,6,6,1,7,145.17,0,3,414,0
23.0,2,1,4,2,2,118.66,3,1,104,0
40.0,1,19,7,8,7,179.48,0,2,315,0
59.0,1,4,9,6,0,138.82,2,1,424,0
30.0,0,15,9,1,5,137.55,2,3,372,0
22.0,1,2,5,3,7,62.45,3,2,74,0
52.0,0,4,7,8,8,97.6,2,3,398,0
34.0,1,0,7,7,5,173.46,1,3,98,0
42.0,2,3,1,2,6,264.33,1,3,468,0
